{
    "J0030+0451_red_noise_gamma": 5.251541435439191,
    "J0030+0451_red_noise_log10_A": -15.219982221076753,
    "J0613-0200_dm_gp_gamma": 2.399666483066255,
    "J0613-0200_dm_gp_log10_A": -11.964941368545292,
    "J0613-0200_red_noise_gamma": 3.402913019491961,
    "J0613-0200_red_noise_log10_A": -15.975362289776218,
    "J0751+1807_dm_gp_gamma": 3.000098385419188,
    "J0751+1807_dm_gp_log10_A": -11.84206235368771,
    "J0900-3144_dm_gp_gamma": 3.7459201384447147,
    "J0900-3144_dm_gp_log10_A": -11.852613998581687,
    "J0900-3144_red_noise_gamma": 1.0770628634073227,
    "J0900-3144_red_noise_log10_A": -12.77424384183378,
    "J1012+5307_dm_gp_gamma": 1.7853611189344805,
    "J1012+5307_dm_gp_log10_A": -11.973558339797684,
    "J1012+5307_red_noise_gamma": 1.191422432427436,
    "J1012+5307_red_noise_log10_A": -13.0430721519059,
    "J1022+1001_dm_gp_gamma": 0.510152627252538,
    "J1022+1001_dm_gp_log10_A": -11.406866245051434,
    "J1022+1001_red_noise_gamma": 2.7812758680382665,
    "J1022+1001_red_noise_log10_A": -15.90251772778347,
    "J1024-0719_dm_gp_gamma": 2.5330225704594205,
    "J1024-0719_dm_gp_log10_A": -11.814589176624725,
    "J1455-3330_red_noise_gamma": 1.8672239008443476,
    "J1455-3330_red_noise_log10_A": -13.229479124100328,
    "J1600-3053_chrom_gp_gamma": 1.0883472394447289,
    "J1600-3053_chrom_gp_log10_A": -11.71440146788203,
    "J1600-3053_dm_gp_gamma": 4.218484973133433,
    "J1600-3053_dm_gp_log10_A": -12.287971623191694,
    "J1640+2224_dm_gp_gamma": 0.5009125265308652,
    "J1640+2224_dm_gp_log10_A": -11.683036902855646,
    "J1713+0747_J1713+0747_dmexp_1_log10_Amp": -5.572352697373558,
    "J1713+0747_J1713+0747_dmexp_1_log10_tau": 1.6494303944825939,
    "J1713+0747_J1713+0747_dmexp_1_t0": 54752.31608618153,
    "J1713+0747_J1713+0747_dmexp_2_log10_Amp": -5.858189994668979,
    "J1713+0747_J1713+0747_dmexp_2_log10_tau": 1.4415456939912064,
    "J1713+0747_J1713+0747_dmexp_2_t0": 57510.80967836968,
    "J1713+0747_dm_gp_gamma": 1.6170256221762471,
    "J1713+0747_dm_gp_log10_A": -12.126386654895414,
    "J1713+0747_red_noise_gamma": 2.4433393072716902,
    "J1713+0747_red_noise_log10_A": -15.91971640543999,
    "J1730-2304_dm_gp_gamma": 2.134899283521379,
    "J1730-2304_dm_gp_log10_A": -11.575768607622974,
    "J1738+0333_red_noise_gamma": 1.8679664952443722,
    "J1738+0333_red_noise_log10_A": -12.862837852303088,
    "J1744-1134_dm_gp_gamma": 0.984653297487579,
    "J1744-1134_dm_gp_log10_A": -11.764731119372275,
    "J1744-1134_red_noise_gamma": 2.449282202149522,
    "J1744-1134_red_noise_log10_A": -15.846858646595866,
    "J1751-2857_dm_gp_gamma": 2.1191366293987155,
    "J1751-2857_dm_gp_log10_A": -11.05463322729111,
    "J1801-1417_dm_gp_gamma": 1.683166397785582,
    "J1801-1417_dm_gp_log10_A": -10.722806114934066,
    "J1804-2717_dm_gp_gamma": 0.8259214485171992,
    "J1804-2717_dm_gp_log10_A": -11.165966991652228,
    "J1843-1113_dm_gp_gamma": 2.08225292151913,
    "J1843-1113_dm_gp_log10_A": -11.033583275031946,
    "J1857+0943_dm_gp_gamma": 2.858959299019695,
    "J1857+0943_dm_gp_log10_A": -11.832399752520557,
    "J1909-3744_dm_gp_gamma": 1.555209369670914,
    "J1909-3744_dm_gp_log10_A": -11.96766871416131,
    "J1909-3744_red_noise_gamma": 3.003928105122174,
    "J1909-3744_red_noise_log10_A": -16.30758875877115,
    "J1910+1256_dm_gp_gamma": 3.041051064821088,
    "J1910+1256_dm_gp_log10_A": -11.722794229880728,
    "J1911+1347_dm_gp_gamma": 3.3655730005136704,
    "J1911+1347_dm_gp_log10_A": -12.075692873159456,
    "J1918-0642_dm_gp_gamma": 3.665686649123563,
    "J1918-0642_dm_gp_log10_A": -12.147765523952879,
    "J2124-3358_dm_gp_gamma": 1.0996883794611363,
    "J2124-3358_dm_gp_log10_A": -11.510161779582688,
    "J2322+2057_red_noise_gamma": 2.882058300695505,
    "J2322+2057_red_noise_log10_A": -16.013402118680315,\
    "J0751+1807_red_noise_log10_A": -20.000000000000000,
    "J1024-0719_red_noise_log10_A": -20.000000000000000,
    "J1600-3053_red_noise_log10_A": -20.000000000000000,
    "J1640+2224_red_noise_log10_A": -20.000000000000000,
    "J1730-2304_red_noise_log10_A": -20.000000000000000,
    "J1751-2857_red_noise_log10_A": -20.000000000000000,
    "J1801-1417_red_noise_log10_A": -20.000000000000000,
    "J1804-2717_red_noise_log10_A": -20.000000000000000,
    "J1843-1113_red_noise_log10_A": -20.000000000000000,
    "J1857+0943_red_noise_log10_A": -20.000000000000000,
    "J1910+1256_red_noise_log10_A": -20.000000000000000,
    "J1911+1347_red_noise_log10_A": -20.000000000000000,
    "J1918-0642_red_noise_log10_A": -20.000000000000000,
    "J2124-3358_red_noise_log10_A": -20.000000000000000,
    "J0751+1807_red_noise_gamma": 3.000000000000000,
    "J1024-0719_red_noise_gamma": 3.000000000000000,
    "J1600-3053_red_noise_gamma": 3.000000000000000,
    "J1640+2224_red_noise_gamma": 3.000000000000000,
    "J1730-2304_red_noise_gamma": 3.000000000000000,
    "J1751-2857_red_noise_gamma": 3.000000000000000,
    "J1801-1417_red_noise_gamma": 3.000000000000000,
    "J1804-2717_red_noise_gamma": 3.000000000000000,
    "J1843-1113_red_noise_gamma": 3.000000000000000,
    "J1857+0943_red_noise_gamma": 3.000000000000000,
    "J1910+1256_red_noise_gamma": 3.000000000000000,
    "J1911+1347_red_noise_gamma": 3.000000000000000,
    "J1918-0642_red_noise_gamma": 3.000000000000000,
    "J2124-3358_red_noise_gamma": 3.000000000000000,
    "gw_crn_gamma": 4.127349535952171,
    "gw_crn_log10_A": -14.527755345066002
}
