{
"J0030+0451_red_noise_gamma": 1.630889967190135,
"J0030+0451_red_noise_log10_A": 0.7951966838263953,
"J0613-0200_dm_gp_gamma": 0.6457405569571184,
"J0613-0200_dm_gp_log10_A": 0.22789652386743597,
"J0613-0200_red_noise_gamma": 2.4084085657884664,
"J0613-0200_red_noise_log10_A": 1.3100330375977398,
"J0751+1807_red_noise_log10_A": 5.0000,
"J0751+1807_red_noise_gamma": 3.000000000000000,
"J0751+1807_dm_gp_gamma": 0.6388217715805649,
"J0751+1807_dm_gp_log10_A": 0.23832581909805572,
"J0900-3144_dm_gp_gamma": 1.5526048506676684,
"J0900-3144_dm_gp_log10_A": 0.5886768980705357,
"J0900-3144_red_noise_gamma": 0.2157796500046048,
"J0900-3144_red_noise_log10_A": 0.06678564713003343,
"J1012+5307_dm_gp_gamma": 0.33244724862244945,
"J1012+5307_dm_gp_log10_A": 0.09385490213430892,
"J1012+5307_red_noise_gamma": 0.17272389873965144,
"J1012+5307_red_noise_log10_A": 0.04127553810165452,
"J1022+1001_dm_gp_gamma": 0.3039536201458479,
"J1022+1001_dm_gp_log10_A": 0.07247026676615231,
"J1022+1001_red_noise_gamma": 2.1413619634945396,
"J1022+1001_red_noise_log10_A": 1.6041291516677338,
"J1024-0719_red_noise_log10_A": 5.000,
"J1024-0719_red_noise_gamma": 3.000000000000000,
"J1024-0719_dm_gp_gamma": 0.662149721689121,
"J1024-0719_dm_gp_log10_A": 0.16187452833158922,
"J1455-3330_red_noise_gamma": 1.0138385960981473,
"J1455-3330_red_noise_log10_A": 0.26971494932241136,
"J1600-3053_red_noise_log10_A": 5.0000,
"J1600-3053_red_noise_gamma": 3.000000000000000,
"J1600-3053_chrom_gp_gamma": 0.2439066576469452,
"J1600-3053_chrom_gp_log10_A": 0.0787702676677533,
"J1600-3053_dm_gp_gamma": 0.9918260048226759,
"J1600-3053_dm_gp_log10_A": 0.4461622424246885,
"J1640+2224_red_noise_log10_A": 5.000000000000000,  
"J1640+2224_red_noise_gamma": 3.000000000000000,
"J1640+2224_dm_gp_gamma": 0.406126680997053,
"J1640+2224_dm_gp_log10_A": 0.12121141643115951,
"J1713+0747_J1713+0747_dmexp_1_log10_Amp": 0.05345804275143484,
"J1713+0747_J1713+0747_dmexp_1_log10_tau": 0.10392695910138627,
"J1713+0747_J1713+0747_dmexp_1_t0": 3.3776289100751455,
"J1713+0747_J1713+0747_dmexp_2_log10_Amp": 0.06527544910222716,
"J1713+0747_J1713+0747_dmexp_2_log10_tau": 0.12490098135158889,
"J1713+0747_J1713+0747_dmexp_2_t0": 2.3627784633717965,
"J1713+0747_dm_gp_gamma": 0.20277361856154263,
"J1713+0747_dm_gp_log10_A": 0.04892585314660902,
"J1713+0747_red_noise_gamma": 2.110667738648269,
"J1713+0747_red_noise_log10_A": 1.577596486239763,
"J1730-2304_red_noise_log10_A": 5.000000000000000, 
"J1730-2304_red_noise_gamma": 3.000000000000000,
"J1730-2304_dm_gp_gamma": 0.9975217740853748,
"J1730-2304_dm_gp_log10_A": 0.30553928818214793,
"J1738+0333_red_noise_gamma": 0.8773019144921581,
"J1738+0333_red_noise_log10_A": 0.22948147382136508,
"J1744-1134_dm_gp_gamma": 0.25892090433159015,
"J1744-1134_dm_gp_log10_A": 0.05609382931548179,
"J1744-1134_red_noise_gamma": 2.131196031711826,
"J1744-1134_red_noise_log10_A": 1.712768264620662,
"J1751-2857_red_noise_log10_A": 5.000000000000000,
"J1751-2857_red_noise_gamma": 3.000000000000000,
"J1751-2857_dm_gp_gamma": 0.47569423935105193,
"J1751-2857_dm_gp_log10_A": 0.14484090177105458,
"J1801-1417_red_noise_log10_A": 5.000000000000000,
"J1804-2717_red_noise_gamma": 3.000000000000000,
"J1801-1417_dm_gp_gamma": 0.6311670863106587,
"J1801-1417_dm_gp_log10_A": 0.14650744107789748,
"J1804-2717_dm_gp_gamma": 0.6702959560457189,
"J1804-2717_dm_gp_log10_A": 0.1261914668027586,
"J1843-1113_dm_gp_gamma": 0.19706305376890088,
"J1843-1113_dm_gp_log10_A": 0.04568199755683544,
"J1857+0943_dm_gp_gamma": 0.8134125883504413,
"J1857+0943_dm_gp_log10_A": 0.322591163320487,
"J1909-3744_dm_gp_gamma": 0.14931228536610908,
"J1909-3744_dm_gp_log10_A": 0.04687771680179331,
"J1909-3744_red_noise_gamma": 2.235724107202236,
"J1909-3744_red_noise_log10_A": 1.2123320981073427,
"J1910+1256_dm_gp_gamma": 1.147504716756592,
"J1910+1256_dm_gp_log10_A": 0.39593338416425894,
"J1911+1347_dm_gp_gamma": 0.7892407926354206,
"J1911+1347_dm_gp_log10_A": 0.28894117920547124,
"J1918-0642_dm_gp_gamma": 0.9782343757156078,
"J1918-0642_dm_gp_log10_A": 0.37614911828949715,
"J2124-3358_dm_gp_gamma": 0.73302451598542,
"J2124-3358_dm_gp_log10_A": 0.21083968094097028,
"J2322+2057_red_noise_gamma": 2.253540592806762,
"J2322+2057_red_noise_log10_A": 1.4730779347025411,
"J1843-1113_red_noise_log10_A": 5.000000000000000,
"J1857+0943_red_noise_log10_A": 5.000000000000000,
"J1910+1256_red_noise_log10_A": 5.000000000000000,
"J1911+1347_red_noise_log10_A": 5.000000000000000,
"J1918-0642_red_noise_log10_A": 5.000000000000000,
"J2124-3358_red_noise_log10_A": 5.000000000000000,
"J1843-1113_red_noise_gamma": 3.000000000000000,
"J1857+0943_red_noise_gamma": 3.000000000000000,
"J1910+1256_red_noise_gamma": 3.000000000000000,
"J1911+1347_red_noise_gamma": 3.000000000000000,
"J1918-0642_red_noise_gamma": 3.000000000000000,
"J2124-3358_red_noise_gamma": 3.000000000000000,
"gw_crn_gamma": 0.40845105453681096,
"gw_crn_log10_A": 0.21111596968568058
}
