{
"J0030+0451_red_noise_gamma": 1.630889967190135,
"J0030+0451_red_noise_log10_A": 0.7951966838263953
}
