{
    "J0030+0451_dm_gp_gamma": 4.0,
    "J0030+0451_dm_gp_log10_A": -20.0,
    "J0030+0451_red_noise_gamma": 5.251541435439191,
    "J0030+0451_red_noise_log10_A": -15.219982221076753
}
