{
"J0613-0200_dm_gp_gamma": 0.6457405569571184,
"J0613-0200_dm_gp_log10_A": 0.22789652386743597,
"J0613-0200_red_noise_gamma": 2.4084085657884664,
"J0613-0200_red_noise_log10_A": 1.3100330375977398
}
