{
    "J0613-0200_dm_gp_gamma": 2.399666483066255,
    "J0613-0200_dm_gp_log10_A": -11.964941368545292,
    "J0613-0200_red_noise_gamma": 3.402913019491961,
    "J0613-0200_red_noise_log10_A": -15.975362289776218
}
