{
    "J0751+1807_dm_gp_gamma": 3.000098385419188,
    "J0751+1807_dm_gp_log10_A": -11.84206235368771,
    "J0751+1807_red_noise_log10_A": -20.000000000000000,
    "J0751+1807_red_noise_gamma": 3.000000000000000
}
