{
"J0751+1807_red_noise_log10_A": 5.0000,
"J0751+1807_red_noise_gamma": 3.000000000000000,
"J0751+1807_dm_gp_gamma": 0.6388217715805649,
"J0751+1807_dm_gp_log10_A": 0.23832581909805572
}
