{
    "J0900-3144_dm_gp_gamma": 3.7459201384447147,
    "J0900-3144_dm_gp_log10_A": -13.852613998581687,
    "J0900-3144_red_noise_gamma": 5.0770628634073227,
    "J0900-3144_red_noise_log10_A": -15.77424384183378
}
