{
"J0900-3144_dm_gp_gamma": 1.5526048506676684,
"J0900-3144_dm_gp_log10_A": 0.5886768980705357,
"J0900-3144_red_noise_gamma": 0.2157796500046048,
"J0900-3144_red_noise_log10_A": 0.06678564713003343
}
