{
"J1012+5307_dm_gp_gamma": 0.33244724862244945,
"J1012+5307_dm_gp_log10_A": 0.09385490213430892,
"J1012+5307_red_noise_gamma": 0.17272389873965144,
"J1012+5307_red_noise_log10_A": 0.04127553810165452
}
