{
    "J1012+5307_dm_gp_gamma": 1.7853611189344805,
    "J1012+5307_dm_gp_log10_A": -11.973558339797684,
    "J1012+5307_red_noise_gamma": 1.191422432427436,
    "J1012+5307_red_noise_log10_A": -13.0430721519059
}
