{
"J1024-0719_red_noise_log10_A": 5.000,
"J1024-0719_red_noise_gamma": 3.000000000000000,
"J1024-0719_dm_gp_gamma": 0.662149721689121,
"J1024-0719_dm_gp_log10_A": 0.16187452833158922
}
