{
    "J1024-0719_dm_gp_gamma": 2.5330225704594205,
    "J1024-0719_dm_gp_log10_A": -11.814589176624725,
    "J1024-0719_red_noise_log10_A": -20.000000000000000,
    "J1024-0719_red_noise_gamma": 3.000000000000000
}
