{
"J1022+1001_dm_gp_gamma": 0.3039536201458479,
"J1022+1001_dm_gp_log10_A": 0.07247026676615231,
"J1022+1001_red_noise_gamma": 2.1413619634945396,
"J1022+1001_red_noise_log10_A": 1.6041291516677338
}
