{
    "J1022+1001_dm_gp_gamma": 0.510152627252538,
    "J1022+1001_dm_gp_log10_A": -11.406866245051434,
    "J1022+1001_red_noise_gamma": 2.7812758680382665,
    "J1022+1001_red_noise_log10_A": -15.90251772778347
}
