{
"J1455-3330_red_noise_gamma": 1.0138385960981473,
"J1455-3330_red_noise_log10_A": 0.26971494932241136
}
