{
    "J1455-3330_dm_gp_gamma": 4.0,
    "J1455-3330_dm_gp_log10_A": -20.0,	
    "J1455-3330_red_noise_gamma": 1.8672239008443476,
    "J1455-3330_red_noise_log10_A": -13.229479124100328
}
