{
"J1600-3053_red_noise_log10_A": 5.0000,
"J1600-3053_red_noise_gamma": 3.000000000000000,
"J1600-3053_chrom_gp_gamma": 0.2439066576469452,
"J1600-3053_chrom_gp_log10_A": 0.0787702676677533,
"J1600-3053_dm_gp_gamma": 0.9918260048226759,
"J1600-3053_dm_gp_log10_A": 0.4461622424246885
}
