{
    "J1600-3053_chrom_gp_gamma": 1.0883472394447289,
    "J1600-3053_chrom_gp_log10_A": -11.71440146788203,
    "J1600-3053_dm_gp_gamma": 4.218484973133433,
    "J1600-3053_dm_gp_log10_A": -12.287971623191694,
    "J1600-3053_red_noise_log10_A": -20.000000000000000,
    "J1600-3053_red_noise_gamma": 3.000000000000000
}
