{
    "J1640+2224_dm_gp_gamma": 0.5009125265308652,
    "J1640+2224_dm_gp_log10_A": -11.683036902855646,
    "J1640+2224_red_noise_log10_A": -20.000000000000000,
    "J1640+2224_red_noise_gamma": 3.000000000000000
}
