{
"J1640+2224_red_noise_log10_A": 5.000000000000000,  
"J1640+2224_red_noise_gamma": 3.000000000000000,
"J1640+2224_dm_gp_gamma": 0.406126680997053,
"J1640+2224_dm_gp_log10_A": 0.12121141643115951
}
