{
    "J1713+0747_J1713+0747_dmexp_1_log10_Amp": -5.572352697373558,
    "J1713+0747_J1713+0747_dmexp_1_log10_tau": 1.6494303944825939,
    "J1713+0747_J1713+0747_dmexp_1_t0": 54752.31608618153,
    "J1713+0747_J1713+0747_dmexp_2_log10_Amp": -5.858189994668979,
    "J1713+0747_J1713+0747_dmexp_2_log10_tau": 1.4415456939912064,
    "J1713+0747_J1713+0747_dmexp_2_t0": 57510.80967836968,
    "J1713+0747_dm_gp_gamma": 1.6170256221762471,
    "J1713+0747_dm_gp_log10_A": -12.126386654895414,
    "J1713+0747_red_noise_gamma": 2.4433393072716902,
    "J1713+0747_red_noise_log10_A": -15.91971640543999
}
