{
"J1713+0747_J1713+0747_dmexp_1_log10_Amp": 0.05345804275143484,
"J1713+0747_J1713+0747_dmexp_1_log10_tau": 0.10392695910138627,
"J1713+0747_J1713+0747_dmexp_1_t0": 3.3776289100751455,
"J1713+0747_J1713+0747_dmexp_2_log10_Amp": 0.06527544910222716,
"J1713+0747_J1713+0747_dmexp_2_log10_tau": 0.12490098135158889,
"J1713+0747_J1713+0747_dmexp_2_t0": 2.3627784633717965,
"J1713+0747_dm_gp_gamma": 0.20277361856154263,
"J1713+0747_dm_gp_log10_A": 0.04892585314660902,
"J1713+0747_red_noise_gamma": 2.110667738648269,
"J1713+0747_red_noise_log10_A": 1.577596486239763
}
