{
    "J1738+0333_dm_gp_gamma": 4.0,
    "J1738+0333_dm_gp_log10_A": -20.0,	
    "J1738+0333_red_noise_gamma": 3.8679664952443722,
    "J1738+0333_red_noise_log10_A": -16.862837852303088
}
