{
"J1738+0333_red_noise_gamma": 0.8773019144921581,
"J1738+0333_red_noise_log10_A": 0.22948147382136508
}
