{
"J1730-2304_red_noise_log10_A": 5.000000000000000, 
"J1730-2304_red_noise_gamma": 3.000000000000000,
"J1730-2304_dm_gp_gamma": 0.9975217740853748,
"J1730-2304_dm_gp_log10_A": 0.30553928818214793
}
