{
    "J1730-2304_dm_gp_gamma": 2.134899283521379,
    "J1730-2304_dm_gp_log10_A": -11.575768607622974,
    "J1730-2304_red_noise_log10_A": -20.000000000000000,
    "J1730-2304_red_noise_gamma": 3.000000000000000
}
