{
    "J1744-1134_dm_gp_gamma": 0.984653297487579,
    "J1744-1134_dm_gp_log10_A": -11.764731119372275,
    "J1744-1134_red_noise_gamma": 2.449282202149522,
    "J1744-1134_red_noise_log10_A": -15.846858646595866
}
