{
"J1744-1134_dm_gp_gamma": 0.25892090433159015,
"J1744-1134_dm_gp_log10_A": 0.05609382931548179,
"J1744-1134_red_noise_gamma": 2.131196031711826,
"J1744-1134_red_noise_log10_A": 1.712768264620662
}
