{
"J1751-2857_red_noise_log10_A": 5.000000000000000,
"J1751-2857_red_noise_gamma": 3.000000000000000,
"J1751-2857_dm_gp_gamma": 0.47569423935105193,
"J1751-2857_dm_gp_log10_A": 0.14484090177105458
}
