{
    "J1751-2857_dm_gp_gamma": 2.1191366293987155,
    "J1751-2857_dm_gp_log10_A": -13.05463322729111,
    "J1751-2857_red_noise_log10_A": -16.000000000000000,
    "J1751-2857_red_noise_gamma": 3.0500000000000000
}
