{
"J1801-1417_red_noise_log10_A": 5.000000000000000,
"J1801-1417_red_noise_gamma": 3.000000000000000,
"J1801-1417_dm_gp_gamma": 0.6311670863106587,
"J1801-1417_dm_gp_log10_A": 0.14650744107789748
}
