{
"J1804-2717_red_noise_log10_A": 5.000000000000000,	
"J1804-2717_red_noise_gamma": 3.000000000000000,
"J1804-2717_dm_gp_gamma": 0.6702959560457189,
"J1804-2717_dm_gp_log10_A": 0.1261914668027586
}
