{
    "J1801-1417_dm_gp_gamma": 2.683166397785582,
    "J1801-1417_dm_gp_log10_A": -13.722806114934066,
    "J1801-1417_red_noise_log10_A": -20.000000000000000,
    "J1801-1417_red_noise_gamma": 3.000000000000000
}
