{
    "J1843-1113_dm_gp_gamma": 2.08225292151913,
    "J1843-1113_dm_gp_log10_A": -13.833583275031946,
    "J1843-1113_red_noise_log10_A": -20.000000000000000,
    "J1843-1113_red_noise_gamma": 3.000000000000000
}
