{
"J1843-1113_dm_gp_gamma": 0.19706305376890088,
"J1843-1113_dm_gp_log10_A": 0.04568199755683544,
"J1843-1113_red_noise_log10_A": 5.000000000000000,
"J1843-1113_red_noise_gamma": 3.000000000000000
}
