{
"J1857+0943_dm_gp_gamma": 0.8134125883504413,
"J1857+0943_dm_gp_log10_A": 0.322591163320487,
"J1857+0943_red_noise_log10_A": 5.000000000000000,
"J1857+0943_red_noise_gamma": 3.000000000000000
}
