{
    "J1857+0943_dm_gp_gamma": 2.858959299019695,
    "J1857+0943_dm_gp_log10_A": -11.832399752520557,
    "J1857+0943_red_noise_log10_A": -20.000000000000000,
    "J1857+0943_red_noise_gamma": 3.000000000000000
}
