{
    "J1909-3744_dm_gp_gamma": 1.555209369670914,
    "J1909-3744_dm_gp_log10_A": -13.36766871416131,
    "J1909-3744_red_noise_gamma": 3.003928105122174,
    "J1909-3744_red_noise_log10_A": -15.80758875877115
}
