{
"J1909-3744_dm_gp_gamma": 0.14931228536610908,
"J1909-3744_dm_gp_log10_A": 0.04687771680179331,
"J1909-3744_red_noise_gamma": 2.235724107202236,
"J1909-3744_red_noise_log10_A": 1.2123320981073427
}
