{
"J1911+1347_dm_gp_gamma": 0.7892407926354206,
"J1911+1347_dm_gp_log10_A": 0.28894117920547124,
"J1911+1347_red_noise_log10_A": 5.000000000000000,
"J1911+1347_red_noise_gamma": 3.000000000000000
}
