{
    "J1910+1256_dm_gp_gamma": 3.041051064821088,
    "J1910+1256_dm_gp_log10_A": -11.722794229880728,
    "J1910+1256_red_noise_log10_A": -20.000000000000000,
    "J1910+1256_red_noise_gamma": 3.000000000000000
}
