{
    "J1911+1347_dm_gp_gamma": 3.3655730005136704,
    "J1911+1347_dm_gp_log10_A": -12.075692873159456,
    "J1911+1347_red_noise_log10_A": -20.000000000000000,
    "J1911+1347_red_noise_gamma": 3.000000000000000
}
