{
    "J1918-0642_dm_gp_gamma": 3.665686649123563,
    "J1918-0642_dm_gp_log10_A": -12.147765523952879,
    "J1918-0642_red_noise_log10_A": -20.000000000000000,
    "J1918-0642_red_noise_gamma": 3.000000000000000
}
