{
"J1910+1256_dm_gp_gamma": 1.147504716756592,
"J1910+1256_dm_gp_log10_A": 0.39593338416425894,
"J1910+1256_red_noise_log10_A": 5.000000000000000,
"J1910+1256_red_noise_gamma": 3.000000000000000
}
