{
"J1918-0642_dm_gp_gamma": 0.9782343757156078,
"J1918-0642_dm_gp_log10_A": 0.37614911828949715,
"J1918-0642_red_noise_log10_A": 5.000000000000000,
"J1918-0642_red_noise_gamma": 3.000000000000000
}
