{
    "J2124-3358_dm_gp_gamma": 1.0996883794611363,
    "J2124-3358_dm_gp_log10_A": -11.510161779582688,
    "J2124-3358_red_noise_log10_A": -20.000000000000000,
    "J2124-3358_red_noise_gamma": 3.000000000000000
}
