{
"J2124-3358_dm_gp_gamma": 0.73302451598542,
"J2124-3358_dm_gp_log10_A": 0.21083968094097028,
"J2124-3358_red_noise_log10_A": 5.000000000000000,
"J2124-3358_red_noise_gamma": 3.000000000000000
}
