{
"J2322+2057_red_noise_gamma": 2.253540592806762,
"J2322+2057_red_noise_log10_A": 1.4730779347025411
}
