{
    "J2322+2057_dm_gp_gamma": 4.0,
    "J2322+2057_dm_gp_log10_A": -20.0,	
    "J2322+2057_red_noise_gamma": 2.882058300695505,
    "J2322+2057_red_noise_log10_A": -16.013402118680315
}
